timestep,episode,reward,max_x_pos,flag_get,deaths,frames,time_left
5000,0,-415.0,40,0,0,2005,0
5000,1,-415.0,40,0,0,2005,0
5000,2,-415.0,40,0,0,2005,0
5000,3,-415.0,40,0,0,2005,0
5000,4,-415.0,40,0,0,2005,0
10000,0,231.0,296,0,0,40,392
10000,1,231.0,296,0,0,40,392
10000,2,231.0,296,0,0,40,392
10000,3,231.0,296,0,0,40,392
10000,4,231.0,296,0,0,40,392
15000,0,231.0,296,0,0,40,392
15000,1,231.0,296,0,0,40,392
15000,2,231.0,296,0,0,40,392
15000,3,231.0,296,0,0,40,392
15000,4,231.0,296,0,0,40,392
20000,0,231.0,296,0,0,40,392
20000,1,231.0,296,0,0,40,392
20000,2,231.0,296,0,0,40,392
20000,3,231.0,296,0,0,40,392
20000,4,231.0,296,0,0,40,392
25000,0,231.0,296,0,0,40,392
25000,1,231.0,296,0,0,40,392
25000,2,231.0,296,0,0,40,392
25000,3,231.0,296,0,0,40,392
25000,4,231.0,296,0,0,40,392
30000,0,231.0,296,0,0,40,392
30000,1,231.0,296,0,0,40,392
30000,2,231.0,296,0,0,40,392
30000,3,231.0,296,0,0,40,392
30000,4,231.0,296,0,0,40,392
35000,0,231.0,296,0,0,40,392
35000,1,231.0,296,0,0,40,392
35000,2,231.0,296,0,0,40,392
35000,3,231.0,296,0,0,40,392
35000,4,231.0,296,0,0,40,392
40000,0,231.0,296,0,0,40,392
40000,1,231.0,296,0,0,40,392
40000,2,231.0,296,0,0,40,392
40000,3,231.0,296,0,0,40,392
40000,4,231.0,296,0,0,40,392
45000,0,231.0,296,0,0,40,392
45000,1,231.0,296,0,0,40,392
45000,2,231.0,296,0,0,40,392
45000,3,231.0,296,0,0,40,392
45000,4,231.0,296,0,0,40,392
50000,0,231.0,296,0,0,40,392
50000,1,231.0,296,0,0,40,392
50000,2,231.0,296,0,0,40,392
50000,3,231.0,296,0,0,40,392
50000,4,231.0,296,0,0,40,392
55000,0,231.0,296,0,0,40,392
55000,1,231.0,296,0,0,40,392
55000,2,231.0,296,0,0,40,392
55000,3,231.0,296,0,0,40,392
55000,4,231.0,296,0,0,40,392
60000,0,230.0,294,0,0,42,392
60000,1,230.0,294,0,0,42,392
60000,2,230.0,294,0,0,42,392
60000,3,230.0,294,0,0,42,392
60000,4,230.0,294,0,0,42,392
65000,0,231.0,296,0,0,40,392
65000,1,231.0,296,0,0,40,392
65000,2,231.0,296,0,0,40,392
65000,3,231.0,296,0,0,40,392
65000,4,231.0,296,0,0,40,392
70000,0,231.0,296,0,0,40,392
70000,1,231.0,296,0,0,40,392
70000,2,231.0,296,0,0,40,392
70000,3,231.0,296,0,0,40,392
70000,4,231.0,296,0,0,40,392
75000,0,-415.0,40,0,0,2005,0
75000,1,-415.0,40,0,0,2005,0
75000,2,-415.0,40,0,0,2005,0
75000,3,-415.0,40,0,0,2005,0
75000,4,-415.0,40,0,0,2005,0
80000,0,-415.0,40,0,0,2005,0
80000,1,-415.0,40,0,0,2005,0
80000,2,-415.0,40,0,0,2005,0
80000,3,-415.0,40,0,0,2005,0
80000,4,-415.0,40,0,0,2005,0
85000,0,231.0,296,0,0,41,392
85000,1,231.0,296,0,0,41,392
85000,2,231.0,296,0,0,41,392
85000,3,231.0,296,0,0,41,392
85000,4,231.0,296,0,0,41,392
90000,0,-415.0,40,0,0,2005,0
90000,1,-415.0,40,0,0,2005,0
90000,2,-415.0,40,0,0,2005,0
90000,3,-415.0,40,0,0,2005,0
90000,4,-415.0,40,0,0,2005,0
95000,0,-415.0,40,0,0,2005,0
95000,1,-415.0,40,0,0,2005,0
95000,2,-415.0,40,0,0,2005,0
95000,3,-415.0,40,0,0,2005,0
95000,4,-415.0,40,0,0,2005,0
100000,0,231.0,296,0,0,40,392
100000,1,231.0,296,0,0,40,392
100000,2,231.0,296,0,0,40,392
100000,3,231.0,296,0,0,40,392
100000,4,231.0,296,0,0,40,392
105000,0,231.0,296,0,0,40,392
105000,1,231.0,296,0,0,40,392
105000,2,231.0,296,0,0,40,392
105000,3,231.0,296,0,0,40,392
105000,4,231.0,296,0,0,40,392
110000,0,-402.0,53,0,0,2005,0
110000,1,-402.0,53,0,0,2005,0
110000,2,-402.0,53,0,0,2005,0
110000,3,-402.0,53,0,0,2005,0
110000,4,-402.0,53,0,0,2005,0
115000,0,250.0,314,0,0,30,394
115000,1,250.0,314,0,0,30,394
115000,2,250.0,314,0,0,30,394
115000,3,250.0,314,0,0,30,394
115000,4,250.0,314,0,0,30,394
120000,0,250.0,314,0,0,30,394
120000,1,250.0,314,0,0,30,394
120000,2,250.0,314,0,0,30,394
120000,3,250.0,314,0,0,30,394
120000,4,250.0,314,0,0,30,394
125000,0,250.0,314,0,0,30,394
125000,1,250.0,314,0,0,30,394
125000,2,250.0,314,0,0,30,394
125000,3,250.0,314,0,0,30,394
125000,4,250.0,314,0,0,30,394
130000,0,250.0,314,0,0,30,394
130000,1,250.0,314,0,0,30,394
130000,2,250.0,314,0,0,30,394
130000,3,250.0,314,0,0,30,394
130000,4,250.0,314,0,0,30,394
135000,0,139.0,594,0,0,2005,0
135000,1,139.0,594,0,0,2005,0
135000,2,139.0,594,0,0,2005,0
135000,3,139.0,594,0,0,2005,0
135000,4,139.0,594,0,0,2005,0
140000,0,250.0,314,0,0,30,394
140000,1,250.0,314,0,0,30,394
140000,2,250.0,314,0,0,30,394
140000,3,250.0,314,0,0,30,394
140000,4,250.0,314,0,0,30,394
145000,0,231.0,296,0,0,40,392
145000,1,231.0,296,0,0,40,392
145000,2,231.0,296,0,0,40,392
145000,3,231.0,296,0,0,40,392
145000,4,231.0,296,0,0,40,392
150000,0,-21.0,434,0,0,2005,0
150000,1,-21.0,434,0,0,2005,0
150000,2,-21.0,434,0,0,2005,0
150000,3,-21.0,434,0,0,2005,0
150000,4,-21.0,434,0,0,2005,0
155000,0,220.0,285,0,0,45,391
155000,1,220.0,285,0,0,45,391
155000,2,220.0,285,0,0,45,391
155000,3,220.0,285,0,0,45,391
155000,4,220.0,285,0,0,45,391
160000,0,139.0,594,0,0,2005,0
160000,1,139.0,594,0,0,2005,0
160000,2,139.0,594,0,0,2005,0
160000,3,139.0,594,0,0,2005,0
160000,4,139.0,594,0,0,2005,0
165000,0,231.0,296,0,0,40,392
165000,1,231.0,296,0,0,40,392
165000,2,231.0,296,0,0,40,392
165000,3,231.0,296,0,0,40,392
165000,4,231.0,296,0,0,40,392
170000,0,231.0,296,0,0,40,392
170000,1,231.0,296,0,0,40,392
170000,2,231.0,296,0,0,40,392
170000,3,231.0,296,0,0,40,392
170000,4,231.0,296,0,0,40,392
175000,0,231.0,296,0,0,40,392
175000,1,231.0,296,0,0,40,392
175000,2,231.0,296,0,0,40,392
175000,3,231.0,296,0,0,40,392
175000,4,231.0,296,0,0,40,392
180000,0,231.0,296,0,0,40,392
180000,1,231.0,296,0,0,40,392
180000,2,231.0,296,0,0,40,392
180000,3,231.0,296,0,0,40,392
180000,4,231.0,296,0,0,40,392
185000,0,231.0,296,0,0,40,392
185000,1,231.0,296,0,0,40,392
185000,2,231.0,296,0,0,40,392
185000,3,231.0,296,0,0,40,392
185000,4,231.0,296,0,0,40,392
190000,0,231.0,296,0,0,40,392
190000,1,231.0,296,0,0,40,392
190000,2,231.0,296,0,0,40,392
190000,3,231.0,296,0,0,40,392
190000,4,231.0,296,0,0,40,392
195000,0,231.0,296,0,0,40,392
195000,1,231.0,296,0,0,40,392
195000,2,231.0,296,0,0,40,392
195000,3,231.0,296,0,0,40,392
195000,4,231.0,296,0,0,40,392
200000,0,-21.0,434,0,0,2005,0
200000,1,-21.0,434,0,0,2005,0
200000,2,-21.0,434,0,0,2005,0
200000,3,-21.0,434,0,0,2005,0
200000,4,-21.0,434,0,0,2005,0
205000,0,-415.0,40,0,0,2005,0
205000,1,-415.0,40,0,0,2005,0
205000,2,-415.0,40,0,0,2005,0
205000,3,-415.0,40,0,0,2005,0
205000,4,-415.0,40,0,0,2005,0
210000,0,231.0,296,0,0,40,392
210000,1,231.0,296,0,0,40,392
210000,2,231.0,296,0,0,40,392
210000,3,231.0,296,0,0,40,392
210000,4,231.0,296,0,0,40,392
215000,0,231.0,296,0,0,40,392
215000,1,231.0,296,0,0,40,392
215000,2,231.0,296,0,0,40,392
215000,3,231.0,296,0,0,40,392
215000,4,231.0,296,0,0,40,392
220000,0,231.0,296,0,0,40,392
220000,1,231.0,296,0,0,40,392
220000,2,231.0,296,0,0,40,392
220000,3,231.0,296,0,0,40,392
220000,4,231.0,296,0,0,40,392
225000,0,240.0,301,0,0,31,394
225000,1,240.0,301,0,0,31,394
225000,2,240.0,301,0,0,31,394
225000,3,240.0,301,0,0,31,394
225000,4,240.0,301,0,0,31,394
230000,0,-415.0,40,0,0,2005,0
230000,1,-415.0,40,0,0,2005,0
230000,2,-415.0,40,0,0,2005,0
230000,3,-415.0,40,0,0,2005,0
230000,4,-415.0,40,0,0,2005,0
235000,0,189.0,255,0,0,57,389
235000,1,189.0,255,0,0,57,389
235000,2,189.0,255,0,0,57,389
235000,3,189.0,255,0,0,57,389
235000,4,189.0,255,0,0,57,389
240000,0,-415.0,40,0,0,2005,0
240000,1,-415.0,40,0,0,2005,0
240000,2,-415.0,40,0,0,2005,0
240000,3,-415.0,40,0,0,2005,0
240000,4,-415.0,40,0,0,2005,0
245000,0,-415.0,40,0,0,2005,0
245000,1,-415.0,40,0,0,2005,0
245000,2,-415.0,40,0,0,2005,0
245000,3,-415.0,40,0,0,2005,0
245000,4,-415.0,40,0,0,2005,0
250000,0,231.0,296,0,0,40,392
250000,1,231.0,296,0,0,40,392
250000,2,231.0,296,0,0,40,392
250000,3,231.0,296,0,0,40,392
250000,4,231.0,296,0,0,40,392
255000,0,-149.0,306,0,0,2005,0
255000,1,-149.0,306,0,0,2005,0
255000,2,-149.0,306,0,0,2005,0
255000,3,-149.0,306,0,0,2005,0
255000,4,-149.0,306,0,0,2005,0
260000,0,-21.0,434,0,0,2005,0
260000,1,-21.0,434,0,0,2005,0
260000,2,-21.0,434,0,0,2005,0
260000,3,-21.0,434,0,0,2005,0
260000,4,-21.0,434,0,0,2005,0
265000,0,-402.0,53,0,0,2005,0
265000,1,-402.0,53,0,0,2005,0
265000,2,-402.0,53,0,0,2005,0
265000,3,-402.0,53,0,0,2005,0
265000,4,-402.0,53,0,0,2005,0
270000,0,-415.0,40,0,0,2005,0
270000,1,-415.0,40,0,0,2005,0
270000,2,-415.0,40,0,0,2005,0
270000,3,-415.0,40,0,0,2005,0
270000,4,-415.0,40,0,0,2005,0
275000,0,-54.0,401,0,0,2005,0
275000,1,-54.0,401,0,0,2005,0
275000,2,-54.0,401,0,0,2005,0
275000,3,-54.0,401,0,0,2005,0
275000,4,-54.0,401,0,0,2005,0
280000,0,250.0,314,0,0,30,394
280000,1,250.0,314,0,0,30,394
280000,2,250.0,314,0,0,30,394
280000,3,250.0,314,0,0,30,394
280000,4,250.0,314,0,0,30,394
285000,0,-398.0,57,0,0,2005,0
285000,1,-398.0,57,0,0,2005,0
285000,2,-398.0,57,0,0,2005,0
285000,3,-398.0,57,0,0,2005,0
285000,4,-398.0,57,0,0,2005,0
290000,0,244.0,308,0,0,35,394
290000,1,244.0,308,0,0,35,394
290000,2,244.0,308,0,0,35,394
290000,3,244.0,308,0,0,35,394
290000,4,244.0,308,0,0,35,394
295000,0,250.0,314,0,0,30,394
295000,1,250.0,314,0,0,30,394
295000,2,250.0,314,0,0,30,394
295000,3,250.0,314,0,0,30,394
295000,4,250.0,314,0,0,30,394
300000,0,250.0,314,0,0,30,394
300000,1,250.0,314,0,0,30,394
300000,2,250.0,314,0,0,30,394
300000,3,250.0,314,0,0,30,394
300000,4,250.0,314,0,0,30,394
305000,0,250.0,314,0,0,30,394
305000,1,250.0,314,0,0,30,394
305000,2,250.0,314,0,0,30,394
305000,3,250.0,314,0,0,30,394
305000,4,250.0,314,0,0,30,394
310000,0,-409.0,46,0,0,2005,0
310000,1,-409.0,46,0,0,2005,0
310000,2,-409.0,46,0,0,2005,0
310000,3,-409.0,46,0,0,2005,0
310000,4,-409.0,46,0,0,2005,0
315000,0,250.0,314,0,0,30,394
315000,1,250.0,314,0,0,30,394
315000,2,250.0,314,0,0,30,394
315000,3,250.0,314,0,0,30,394
315000,4,250.0,314,0,0,30,394
320000,0,252.0,315,0,0,27,395
320000,1,252.0,315,0,0,27,395
320000,2,252.0,315,0,0,27,395
320000,3,252.0,315,0,0,27,395
320000,4,252.0,315,0,0,27,395
325000,0,252.0,315,0,0,27,395
325000,1,252.0,315,0,0,27,395
325000,2,252.0,315,0,0,27,395
325000,3,252.0,315,0,0,27,395
325000,4,252.0,315,0,0,27,395
330000,0,252.0,315,0,0,27,395
330000,1,252.0,315,0,0,27,395
330000,2,252.0,315,0,0,27,395
330000,3,252.0,315,0,0,27,395
330000,4,252.0,315,0,0,27,395
335000,0,252.0,315,0,0,27,395
335000,1,252.0,315,0,0,27,395
335000,2,252.0,315,0,0,27,395
335000,3,252.0,315,0,0,27,395
335000,4,252.0,315,0,0,27,395
340000,0,252.0,315,0,0,27,395
340000,1,252.0,315,0,0,27,395
340000,2,252.0,315,0,0,27,395
340000,3,252.0,315,0,0,27,395
340000,4,252.0,315,0,0,27,395
345000,0,252.0,315,0,0,27,395
345000,1,252.0,315,0,0,27,395
345000,2,252.0,315,0,0,27,395
345000,3,252.0,315,0,0,27,395
345000,4,252.0,315,0,0,27,395
350000,0,251.0,314,0,0,28,395
350000,1,251.0,314,0,0,28,395
350000,2,251.0,314,0,0,28,395
350000,3,251.0,314,0,0,28,395
350000,4,251.0,314,0,0,28,395
355000,0,252.0,315,0,0,27,395
355000,1,252.0,315,0,0,27,395
355000,2,252.0,315,0,0,27,395
355000,3,252.0,315,0,0,27,395
355000,4,252.0,315,0,0,27,395
360000,0,231.0,296,0,0,40,392
360000,1,231.0,296,0,0,40,392
360000,2,231.0,296,0,0,40,392
360000,3,231.0,296,0,0,40,392
360000,4,231.0,296,0,0,40,392
365000,0,241.0,304,0,0,33,394
365000,1,241.0,304,0,0,33,394
365000,2,241.0,304,0,0,33,394
365000,3,241.0,304,0,0,33,394
365000,4,241.0,304,0,0,33,394
370000,0,252.0,315,0,0,27,395
370000,1,252.0,315,0,0,27,395
370000,2,252.0,315,0,0,27,395
370000,3,252.0,315,0,0,27,395
370000,4,252.0,315,0,0,27,395
375000,0,252.0,315,0,0,27,395
375000,1,252.0,315,0,0,27,395
375000,2,252.0,315,0,0,27,395
375000,3,252.0,315,0,0,27,395
375000,4,252.0,315,0,0,27,395
380000,0,-71.0,384,0,0,2005,0
380000,1,-71.0,384,0,0,2005,0
380000,2,-71.0,384,0,0,2005,0
380000,3,-71.0,384,0,0,2005,0
380000,4,-71.0,384,0,0,2005,0
385000,0,252.0,315,0,0,27,395
385000,1,252.0,315,0,0,27,395
385000,2,252.0,315,0,0,27,395
385000,3,252.0,315,0,0,27,395
385000,4,252.0,315,0,0,27,395
390000,0,252.0,315,0,0,27,395
390000,1,252.0,315,0,0,27,395
390000,2,252.0,315,0,0,27,395
390000,3,252.0,315,0,0,27,395
390000,4,252.0,315,0,0,27,395
395000,0,252.0,315,0,0,27,395
395000,1,252.0,315,0,0,27,395
395000,2,252.0,315,0,0,27,395
395000,3,252.0,315,0,0,27,395
395000,4,252.0,315,0,0,27,395
400000,0,-21.0,434,0,0,2005,0
400000,1,-21.0,434,0,0,2005,0
400000,2,-21.0,434,0,0,2005,0
400000,3,-21.0,434,0,0,2005,0
400000,4,-21.0,434,0,0,2005,0
405000,0,252.0,315,0,0,28,395
405000,1,252.0,315,0,0,28,395
405000,2,252.0,315,0,0,28,395
405000,3,252.0,315,0,0,28,395
405000,4,252.0,315,0,0,28,395
410000,0,252.0,315,0,0,27,395
410000,1,252.0,315,0,0,27,395
410000,2,252.0,315,0,0,27,395
410000,3,252.0,315,0,0,27,395
410000,4,252.0,315,0,0,27,395
415000,0,252.0,315,0,0,27,395
415000,1,252.0,315,0,0,27,395
415000,2,252.0,315,0,0,27,395
415000,3,252.0,315,0,0,27,395
415000,4,252.0,315,0,0,27,395
420000,0,-455.0,39,0,0,2005,0
420000,1,-455.0,39,0,0,2005,0
420000,2,-455.0,39,0,0,2005,0
420000,3,-455.0,39,0,0,2005,0
420000,4,-455.0,39,0,0,2005,0
425000,0,-455.0,42,0,0,2005,0
425000,1,-455.0,42,0,0,2005,0
425000,2,-455.0,42,0,0,2005,0
425000,3,-455.0,42,0,0,2005,0
425000,4,-455.0,42,0,0,2005,0
430000,0,-455.0,39,0,0,2005,0
430000,1,-455.0,39,0,0,2005,0
430000,2,-455.0,39,0,0,2005,0
430000,3,-455.0,39,0,0,2005,0
430000,4,-455.0,39,0,0,2005,0
435000,0,-3.0,189,0,0,127,375
435000,1,-3.0,189,0,0,127,375
435000,2,-3.0,189,0,0,127,375
435000,3,-3.0,189,0,0,127,375
435000,4,-3.0,189,0,0,127,375
440000,0,231.0,296,0,0,40,392
440000,1,231.0,296,0,0,40,392
440000,2,231.0,296,0,0,40,392
440000,3,231.0,296,0,0,40,392
440000,4,231.0,296,0,0,40,392
445000,0,-21.0,434,0,0,2005,0
445000,1,-21.0,434,0,0,2005,0
445000,2,-21.0,434,0,0,2005,0
445000,3,-21.0,434,0,0,2005,0
445000,4,-21.0,434,0,0,2005,0
450000,0,-21.0,434,0,0,2005,0
450000,1,-21.0,434,0,0,2005,0
450000,2,-21.0,434,0,0,2005,0
450000,3,-21.0,434,0,0,2005,0
450000,4,-21.0,434,0,0,2005,0
455000,0,139.0,594,0,0,2005,0
455000,1,139.0,594,0,0,2005,0
455000,2,139.0,594,0,0,2005,0
455000,3,139.0,594,0,0,2005,0
455000,4,139.0,594,0,0,2005,0
460000,0,231.0,296,0,0,40,392
460000,1,231.0,296,0,0,40,392
460000,2,231.0,296,0,0,40,392
460000,3,231.0,296,0,0,40,392
460000,4,231.0,296,0,0,40,392
465000,0,231.0,296,0,0,40,392
465000,1,231.0,296,0,0,40,392
465000,2,231.0,296,0,0,40,392
465000,3,231.0,296,0,0,40,392
465000,4,231.0,296,0,0,40,392
470000,0,231.0,296,0,0,40,392
470000,1,231.0,296,0,0,40,392
470000,2,231.0,296,0,0,40,392
470000,3,231.0,296,0,0,40,392
470000,4,231.0,296,0,0,40,392
475000,0,231.0,296,0,0,40,392
475000,1,231.0,296,0,0,40,392
475000,2,231.0,296,0,0,40,392
475000,3,231.0,296,0,0,40,392
475000,4,231.0,296,0,0,40,392
480000,0,231.0,296,0,0,40,392
480000,1,231.0,296,0,0,40,392
480000,2,231.0,296,0,0,40,392
480000,3,231.0,296,0,0,40,392
480000,4,231.0,296,0,0,40,392
485000,0,-21.0,435,0,0,2005,0
485000,1,-21.0,435,0,0,2005,0
485000,2,-21.0,435,0,0,2005,0
485000,3,-21.0,435,0,0,2005,0
485000,4,-21.0,435,0,0,2005,0
490000,0,-21.0,434,0,0,2005,0
490000,1,-21.0,434,0,0,2005,0
490000,2,-21.0,434,0,0,2005,0
490000,3,-21.0,434,0,0,2005,0
490000,4,-21.0,434,0,0,2005,0
495000,0,252.0,315,0,0,27,395
495000,1,252.0,315,0,0,27,395
495000,2,252.0,315,0,0,27,395
495000,3,252.0,315,0,0,27,395
495000,4,252.0,315,0,0,27,395
500000,0,252.0,315,0,0,27,395
500000,1,252.0,315,0,0,27,395
500000,2,252.0,315,0,0,27,395
500000,3,252.0,315,0,0,27,395
500000,4,252.0,315,0,0,27,395
505000,0,252.0,315,0,1,27,395
505000,1,252.0,315,0,1,27,395
505000,2,252.0,315,0,1,27,395
505000,3,252.0,315,0,1,27,395
505000,4,252.0,315,0,1,27,395
510000,0,252.0,315,0,1,27,395
510000,1,252.0,315,0,1,27,395
510000,2,252.0,315,0,1,27,395
510000,3,252.0,315,0,1,27,395
510000,4,252.0,315,0,1,27,395
515000,0,252.0,315,0,1,27,395
515000,1,252.0,315,0,1,27,395
515000,2,252.0,315,0,1,27,395
515000,3,252.0,315,0,1,27,395
515000,4,252.0,315,0,1,27,395
520000,0,252.0,315,0,1,27,395
520000,1,252.0,315,0,1,27,395
520000,2,252.0,315,0,1,27,395
520000,3,252.0,315,0,1,27,395
520000,4,252.0,315,0,1,27,395
525000,0,252.0,315,0,1,28,395
525000,1,252.0,315,0,1,28,395
525000,2,252.0,315,0,1,28,395
525000,3,252.0,315,0,1,28,395
525000,4,252.0,315,0,1,28,395
530000,0,231.0,296,0,1,40,392
530000,1,231.0,296,0,1,40,392
530000,2,231.0,296,0,1,40,392
530000,3,231.0,296,0,1,40,392
530000,4,231.0,296,0,1,40,392
535000,0,-21.0,434,0,1,2005,0
535000,1,-21.0,434,0,1,2005,0
535000,2,-21.0,434,0,1,2005,0
535000,3,-21.0,434,0,1,2005,0
535000,4,-21.0,434,0,1,2005,0
540000,0,139.0,594,0,1,2005,0
540000,1,139.0,594,0,1,2005,0
540000,2,139.0,594,0,1,2005,0
540000,3,139.0,594,0,1,2005,0
540000,4,139.0,594,0,1,2005,0
545000,0,252.0,315,0,1,28,395
545000,1,252.0,315,0,1,28,395
545000,2,252.0,315,0,1,28,395
545000,3,252.0,315,0,1,28,395
545000,4,252.0,315,0,1,28,395
550000,0,-21.0,435,0,1,2005,0
550000,1,-21.0,435,0,1,2005,0
550000,2,-21.0,435,0,1,2005,0
550000,3,-21.0,435,0,1,2005,0
550000,4,-21.0,435,0,1,2005,0
555000,0,231.0,296,0,1,40,392
555000,1,231.0,296,0,1,40,392
555000,2,231.0,296,0,1,40,392
555000,3,231.0,296,0,1,40,392
555000,4,231.0,296,0,1,40,392
560000,0,250.0,314,0,1,30,394
560000,1,250.0,314,0,1,30,394
560000,2,250.0,314,0,1,30,394
560000,3,250.0,314,0,1,30,394
560000,4,250.0,314,0,1,30,394
565000,0,250.0,314,0,1,30,394
565000,1,250.0,314,0,1,30,394
565000,2,250.0,314,0,1,30,394
565000,3,250.0,314,0,1,30,394
565000,4,250.0,314,0,1,30,394
570000,0,250.0,314,0,1,30,394
570000,1,250.0,314,0,1,30,394
570000,2,250.0,314,0,1,30,394
570000,3,250.0,314,0,1,30,394
570000,4,250.0,314,0,1,30,394
575000,0,250.0,314,0,1,30,394
575000,1,250.0,314,0,1,30,394
575000,2,250.0,314,0,1,30,394
575000,3,250.0,314,0,1,30,394
575000,4,250.0,314,0,1,30,394
580000,0,248.0,311,0,1,29,395
580000,1,248.0,311,0,1,29,395
580000,2,248.0,311,0,1,29,395
580000,3,248.0,311,0,1,29,395
580000,4,248.0,311,0,1,29,395
585000,0,250.0,314,0,1,30,394
585000,1,250.0,314,0,1,30,394
585000,2,250.0,314,0,1,30,394
585000,3,250.0,314,0,1,30,394
585000,4,250.0,314,0,1,30,394
590000,0,267.0,722,0,1,2005,0
590000,1,267.0,722,0,1,2005,0
590000,2,267.0,722,0,1,2005,0
590000,3,267.0,722,0,1,2005,0
590000,4,267.0,722,0,1,2005,0
595000,0,250.0,314,0,1,30,394
595000,1,250.0,314,0,1,30,394
595000,2,250.0,314,0,1,30,394
595000,3,250.0,314,0,1,30,394
595000,4,250.0,314,0,1,30,394
600000,0,250.0,314,0,1,30,394
600000,1,250.0,314,0,1,30,394
600000,2,250.0,314,0,1,30,394
600000,3,250.0,314,0,1,30,394
600000,4,250.0,314,0,1,30,394
605000,0,250.0,314,0,1,30,394
605000,1,250.0,314,0,1,30,394
605000,2,250.0,314,0,1,30,394
605000,3,250.0,314,0,1,30,394
605000,4,250.0,314,0,1,30,394
610000,0,250.0,314,0,1,30,394
610000,1,250.0,314,0,1,30,394
610000,2,250.0,314,0,1,30,394
610000,3,250.0,314,0,1,30,394
610000,4,250.0,314,0,1,30,394
615000,0,250.0,314,0,1,30,394
615000,1,250.0,314,0,1,30,394
615000,2,250.0,314,0,1,30,394
615000,3,250.0,314,0,1,30,394
615000,4,250.0,314,0,1,30,394
620000,0,250.0,314,0,1,30,394
620000,1,250.0,314,0,1,30,394
620000,2,250.0,314,0,1,30,394
620000,3,250.0,314,0,1,30,394
620000,4,250.0,314,0,1,30,394
625000,0,250.0,314,0,1,30,394
625000,1,250.0,314,0,1,30,394
625000,2,250.0,314,0,1,30,394
625000,3,250.0,314,0,1,30,394
625000,4,250.0,314,0,1,30,394
630000,0,250.0,314,0,1,30,394
630000,1,250.0,314,0,1,30,394
630000,2,250.0,314,0,1,30,394
630000,3,250.0,314,0,1,30,394
630000,4,250.0,314,0,1,30,394
635000,0,231.0,296,0,1,40,392
635000,1,231.0,296,0,1,40,392
635000,2,231.0,296,0,1,40,392
635000,3,231.0,296,0,1,40,392
635000,4,231.0,296,0,1,40,392
640000,0,231.0,296,0,1,41,392
640000,1,231.0,296,0,1,41,392
640000,2,231.0,296,0,1,41,392
640000,3,231.0,296,0,1,41,392
640000,4,231.0,296,0,1,41,392
645000,0,180.0,247,0,1,63,388
645000,1,180.0,247,0,1,63,388
645000,2,180.0,247,0,1,63,388
645000,3,180.0,247,0,1,63,388
645000,4,180.0,247,0,1,63,388
650000,0,605.0,676,0,1,70,387
650000,1,605.0,676,0,1,70,387
650000,2,605.0,676,0,1,70,387
650000,3,605.0,676,0,1,70,387
650000,4,605.0,676,0,1,70,387
655000,0,231.0,296,0,1,40,392
655000,1,231.0,296,0,1,40,392
655000,2,231.0,296,0,1,40,392
655000,3,231.0,296,0,1,40,392
655000,4,231.0,296,0,1,40,392
660000,0,-415.0,40,0,1,2005,0
660000,1,-415.0,40,0,1,2005,0
660000,2,-415.0,40,0,1,2005,0
660000,3,-415.0,40,0,1,2005,0
660000,4,-415.0,40,0,1,2005,0
665000,0,205.0,272,0,1,51,390
665000,1,205.0,272,0,1,51,390
665000,2,205.0,272,0,1,51,390
665000,3,205.0,272,0,1,51,390
665000,4,205.0,272,0,1,51,390
670000,0,-21.0,434,0,1,2005,0
670000,1,-21.0,434,0,1,2005,0
670000,2,-21.0,434,0,1,2005,0
670000,3,-21.0,434,0,1,2005,0
670000,4,-21.0,434,0,1,2005,0
675000,0,252.0,315,0,1,27,395
675000,1,252.0,315,0,1,27,395
675000,2,252.0,315,0,1,27,395
675000,3,252.0,315,0,1,27,395
675000,4,252.0,315,0,1,27,395
680000,0,248.0,311,0,1,28,395
680000,1,248.0,311,0,1,28,395
680000,2,248.0,311,0,1,28,395
680000,3,248.0,311,0,1,28,395
680000,4,248.0,311,0,1,28,395
685000,0,139.0,594,0,1,2005,0
685000,1,139.0,594,0,1,2005,0
685000,2,139.0,594,0,1,2005,0
685000,3,139.0,594,0,1,2005,0
685000,4,139.0,594,0,1,2005,0
690000,0,231.0,296,0,1,40,392
690000,1,231.0,296,0,1,40,392
690000,2,231.0,296,0,1,40,392
690000,3,231.0,296,0,1,40,392
690000,4,231.0,296,0,1,40,392
695000,0,231.0,296,0,1,40,392
695000,1,231.0,296,0,1,40,392
695000,2,231.0,296,0,1,40,392
695000,3,231.0,296,0,1,40,392
695000,4,231.0,296,0,1,40,392
700000,0,231.0,296,0,1,40,392
700000,1,231.0,296,0,1,40,392
700000,2,231.0,296,0,1,40,392
700000,3,231.0,296,0,1,40,392
700000,4,231.0,296,0,1,40,392
705000,0,174.0,244,0,1,66,387
705000,1,174.0,244,0,1,66,387
705000,2,174.0,244,0,1,66,387
705000,3,174.0,244,0,1,66,387
705000,4,174.0,244,0,1,66,387
710000,0,-415.0,40,0,1,2005,0
710000,1,-415.0,40,0,1,2005,0
710000,2,-415.0,40,0,1,2005,0
710000,3,-415.0,40,0,1,2005,0
710000,4,-415.0,40,0,1,2005,0
715000,0,231.0,296,0,1,40,392
715000,1,231.0,296,0,1,40,392
715000,2,231.0,296,0,1,40,392
715000,3,231.0,296,0,1,40,392
715000,4,231.0,296,0,1,40,392
720000,0,-415.0,40,0,1,2005,0
720000,1,-415.0,40,0,1,2005,0
720000,2,-415.0,40,0,1,2005,0
720000,3,-415.0,40,0,1,2005,0
720000,4,-415.0,40,0,1,2005,0
725000,0,146.0,217,0,1,82,384
725000,1,146.0,217,0,1,82,384
725000,2,146.0,217,0,1,82,384
725000,3,146.0,217,0,1,82,384
725000,4,146.0,217,0,1,82,384
730000,0,231.0,296,0,1,40,392
730000,1,231.0,296,0,1,40,392
730000,2,231.0,296,0,1,40,392
730000,3,231.0,296,0,1,40,392
730000,4,231.0,296,0,1,40,392
735000,0,231.0,296,0,1,40,392
735000,1,231.0,296,0,1,40,392
735000,2,231.0,296,0,1,40,392
735000,3,231.0,296,0,1,40,392
735000,4,231.0,296,0,1,40,392
740000,0,166.0,234,0,1,68,387
740000,1,166.0,234,0,1,68,387
740000,2,166.0,234,0,1,68,387
740000,3,166.0,234,0,1,68,387
740000,4,166.0,234,0,1,68,387
745000,0,248.0,311,0,1,29,395
745000,1,248.0,311,0,1,29,395
745000,2,248.0,311,0,1,29,395
745000,3,248.0,311,0,1,29,395
745000,4,248.0,311,0,1,29,395
750000,0,-415.0,40,0,1,2005,0
750000,1,-415.0,40,0,1,2005,0
750000,2,-415.0,40,0,1,2005,0
750000,3,-415.0,40,0,1,2005,0
750000,4,-415.0,40,0,1,2005,0
755000,0,-415.0,40,0,1,2005,0
755000,1,-415.0,40,0,1,2005,0
755000,2,-415.0,40,0,1,2005,0
755000,3,-415.0,40,0,1,2005,0
755000,4,-415.0,40,0,1,2005,0
760000,0,248.0,311,0,1,28,395
760000,1,248.0,311,0,1,28,395
760000,2,248.0,311,0,1,28,395
760000,3,248.0,311,0,1,28,395
760000,4,248.0,311,0,1,28,395
765000,0,251.0,314,0,1,28,395
765000,1,251.0,314,0,1,28,395
765000,2,251.0,314,0,1,28,395
765000,3,251.0,314,0,1,28,395
765000,4,251.0,314,0,1,28,395
770000,0,139.0,594,0,1,2005,0
770000,1,139.0,594,0,1,2005,0
770000,2,139.0,594,0,1,2005,0
770000,3,139.0,594,0,1,2005,0
770000,4,139.0,594,0,1,2005,0
775000,0,231.0,296,0,1,40,392
775000,1,231.0,296,0,1,40,392
775000,2,231.0,296,0,1,40,392
775000,3,231.0,296,0,1,40,392
775000,4,231.0,296,0,1,40,392
780000,0,-21.0,434,0,1,2005,0
780000,1,-21.0,434,0,1,2005,0
780000,2,-21.0,434,0,1,2005,0
780000,3,-21.0,434,0,1,2005,0
780000,4,-21.0,434,0,1,2005,0
785000,0,248.0,311,0,1,29,395
785000,1,248.0,311,0,1,29,395
785000,2,248.0,311,0,1,29,395
785000,3,248.0,311,0,1,29,395
785000,4,248.0,311,0,1,29,395
790000,0,250.0,314,0,1,30,394
790000,1,250.0,314,0,1,30,394
790000,2,250.0,314,0,1,30,394
790000,3,250.0,314,0,1,30,394
790000,4,250.0,314,0,1,30,394
795000,0,250.0,314,0,1,30,394
795000,1,250.0,314,0,1,30,394
795000,2,250.0,314,0,1,30,394
795000,3,250.0,314,0,1,30,394
795000,4,250.0,314,0,1,30,394
800000,0,250.0,314,0,1,30,394
800000,1,250.0,314,0,1,30,394
800000,2,250.0,314,0,1,30,394
800000,3,250.0,314,0,1,30,394
800000,4,250.0,314,0,1,30,394
805000,0,250.0,314,0,1,30,394
805000,1,250.0,314,0,1,30,394
805000,2,250.0,314,0,1,30,394
805000,3,250.0,314,0,1,30,394
805000,4,250.0,314,0,1,30,394
810000,0,250.0,314,0,1,30,394
810000,1,250.0,314,0,1,30,394
810000,2,250.0,314,0,1,30,394
810000,3,250.0,314,0,1,30,394
810000,4,250.0,314,0,1,30,394
815000,0,252.0,315,0,1,27,395
815000,1,252.0,315,0,1,27,395
815000,2,252.0,315,0,1,27,395
815000,3,252.0,315,0,1,27,395
815000,4,252.0,315,0,1,27,395
820000,0,231.0,296,0,1,40,392
820000,1,231.0,296,0,1,40,392
820000,2,231.0,296,0,1,40,392
820000,3,231.0,296,0,1,40,392
820000,4,231.0,296,0,1,40,392
825000,0,252.0,315,0,1,27,395
825000,1,252.0,315,0,1,27,395
825000,2,252.0,315,0,1,27,395
825000,3,252.0,315,0,1,27,395
825000,4,252.0,315,0,1,27,395
830000,0,252.0,315,0,1,27,395
830000,1,252.0,315,0,1,27,395
830000,2,252.0,315,0,1,27,395
830000,3,252.0,315,0,1,27,395
830000,4,252.0,315,0,1,27,395
835000,0,252.0,315,0,1,27,395
835000,1,252.0,315,0,1,27,395
835000,2,252.0,315,0,1,27,395
835000,3,252.0,315,0,1,27,395
835000,4,252.0,315,0,1,27,395
840000,0,139.0,594,0,1,2005,0
840000,1,139.0,594,0,1,2005,0
840000,2,139.0,594,0,1,2005,0
840000,3,139.0,594,0,1,2005,0
840000,4,139.0,594,0,1,2005,0
845000,0,231.0,296,0,1,40,392
845000,1,231.0,296,0,1,40,392
845000,2,231.0,296,0,1,40,392
845000,3,231.0,296,0,1,40,392
845000,4,231.0,296,0,1,40,392
850000,0,231.0,296,0,1,40,392
850000,1,231.0,296,0,1,40,392
850000,2,231.0,296,0,1,40,392
850000,3,231.0,296,0,1,40,392
850000,4,231.0,296,0,1,40,392
855000,0,-400.0,55,0,1,2005,0
855000,1,-400.0,55,0,1,2005,0
855000,2,-400.0,55,0,1,2005,0
855000,3,-400.0,55,0,1,2005,0
855000,4,-400.0,55,0,1,2005,0
860000,0,242.0,305,0,1,31,394
860000,1,242.0,305,0,1,31,394
860000,2,242.0,305,0,1,31,394
860000,3,242.0,305,0,1,31,394
860000,4,242.0,305,0,1,31,394
865000,0,139.0,594,0,1,2005,0
865000,1,139.0,594,0,1,2005,0
865000,2,139.0,594,0,1,2005,0
865000,3,139.0,594,0,1,2005,0
865000,4,139.0,594,0,1,2005,0
870000,0,252.0,315,0,1,27,395
870000,1,252.0,315,0,1,27,395
870000,2,252.0,315,0,1,27,395
870000,3,252.0,315,0,1,27,395
870000,4,252.0,315,0,1,27,395
875000,0,250.0,314,0,1,30,394
875000,1,250.0,314,0,1,30,394
875000,2,250.0,314,0,1,30,394
875000,3,250.0,314,0,1,30,394
875000,4,250.0,314,0,1,30,394
880000,0,250.0,314,0,1,30,394
880000,1,250.0,314,0,1,30,394
880000,2,250.0,314,0,1,30,394
880000,3,250.0,314,0,1,30,394
880000,4,250.0,314,0,1,30,394
885000,0,250.0,314,0,1,30,394
885000,1,250.0,314,0,1,30,394
885000,2,250.0,314,0,1,30,394
885000,3,250.0,314,0,1,30,394
885000,4,250.0,314,0,1,30,394
890000,0,250.0,314,0,1,30,394
890000,1,250.0,314,0,1,30,394
890000,2,250.0,314,0,1,30,394
890000,3,250.0,314,0,1,30,394
890000,4,250.0,314,0,1,30,394
895000,0,250.0,314,0,1,30,394
895000,1,250.0,314,0,1,30,394
895000,2,250.0,314,0,1,30,394
895000,3,250.0,314,0,1,30,394
895000,4,250.0,314,0,1,30,394
900000,0,231.0,296,0,1,42,392
900000,1,231.0,296,0,1,42,392
900000,2,231.0,296,0,1,42,392
900000,3,231.0,296,0,1,42,392
900000,4,231.0,296,0,1,42,392
905000,0,145.0,214,0,1,74,386
905000,1,145.0,214,0,1,74,386
905000,2,145.0,214,0,1,74,386
905000,3,145.0,214,0,1,74,386
905000,4,145.0,214,0,1,74,386
910000,0,-415.0,40,0,1,2005,0
910000,1,-415.0,40,0,1,2005,0
910000,2,-415.0,40,0,1,2005,0
910000,3,-415.0,40,0,1,2005,0
910000,4,-415.0,40,0,1,2005,0
915000,0,-415.0,40,0,1,2005,0
915000,1,-415.0,40,0,1,2005,0
915000,2,-415.0,40,0,1,2005,0
915000,3,-415.0,40,0,1,2005,0
915000,4,-415.0,40,0,1,2005,0
920000,0,-21.0,434,0,1,2005,0
920000,1,-21.0,434,0,1,2005,0
920000,2,-21.0,434,0,1,2005,0
920000,3,-21.0,434,0,1,2005,0
920000,4,-21.0,434,0,1,2005,0
925000,0,-21.0,434,0,1,2005,0
925000,1,-21.0,434,0,1,2005,0
925000,2,-21.0,434,0,1,2005,0
925000,3,-21.0,434,0,1,2005,0
925000,4,-21.0,434,0,1,2005,0
930000,0,-21.0,434,0,1,2005,0
930000,1,-21.0,434,0,1,2005,0
930000,2,-21.0,434,0,1,2005,0
930000,3,-21.0,434,0,1,2005,0
930000,4,-21.0,434,0,1,2005,0
935000,0,231.0,296,0,1,40,392
935000,1,231.0,296,0,1,40,392
935000,2,231.0,296,0,1,40,392
935000,3,231.0,296,0,1,40,392
935000,4,231.0,296,0,1,40,392
940000,0,231.0,296,0,1,40,392
940000,1,231.0,296,0,1,40,392
940000,2,231.0,296,0,1,40,392
940000,3,231.0,296,0,1,40,392
940000,4,231.0,296,0,1,40,392
945000,0,231.0,296,0,1,40,392
945000,1,231.0,296,0,1,40,392
945000,2,231.0,296,0,1,40,392
945000,3,231.0,296,0,1,40,392
945000,4,231.0,296,0,1,40,392
950000,0,231.0,296,0,1,40,392
950000,1,231.0,296,0,1,40,392
950000,2,231.0,296,0,1,40,392
950000,3,231.0,296,0,1,40,392
950000,4,231.0,296,0,1,40,392
955000,0,139.0,594,0,1,2005,0
955000,1,139.0,594,0,1,2005,0
955000,2,139.0,594,0,1,2005,0
955000,3,139.0,594,0,1,2005,0
955000,4,139.0,594,0,1,2005,0
960000,0,1039.0,1131,0,1,175,365
960000,1,1039.0,1131,0,1,175,365
960000,2,1039.0,1131,0,1,175,365
960000,3,1039.0,1131,0,1,175,365
960000,4,1039.0,1131,0,1,175,365
965000,0,231.0,296,0,1,42,392
965000,1,231.0,296,0,1,42,392
965000,2,231.0,296,0,1,42,392
965000,3,231.0,296,0,1,42,392
965000,4,231.0,296,0,1,42,392
970000,0,-21.0,435,0,1,2005,0
970000,1,-21.0,435,0,1,2005,0
970000,2,-21.0,435,0,1,2005,0
970000,3,-21.0,435,0,1,2005,0
970000,4,-21.0,435,0,1,2005,0
975000,0,231.0,296,0,1,40,392
975000,1,231.0,296,0,1,40,392
975000,2,231.0,296,0,1,40,392
975000,3,231.0,296,0,1,40,392
975000,4,231.0,296,0,1,40,392
980000,0,231.0,296,0,1,40,392
980000,1,231.0,296,0,1,40,392
980000,2,231.0,296,0,1,40,392
980000,3,231.0,296,0,1,40,392
980000,4,231.0,296,0,1,40,392
985000,0,152.0,221,0,1,72,386
985000,1,152.0,221,0,1,72,386
985000,2,152.0,221,0,1,72,386
985000,3,152.0,221,0,1,72,386
985000,4,152.0,221,0,1,72,386
990000,0,-408.0,47,0,1,2005,0
990000,1,-408.0,47,0,1,2005,0
990000,2,-408.0,47,0,1,2005,0
990000,3,-408.0,47,0,1,2005,0
990000,4,-408.0,47,0,1,2005,0
995000,0,250.0,314,0,1,30,394
995000,1,250.0,314,0,1,30,394
995000,2,250.0,314,0,1,30,394
995000,3,250.0,314,0,1,30,394
995000,4,250.0,314,0,1,30,394
1000000,0,250.0,314,0,1,30,394
1000000,1,250.0,314,0,1,30,394
1000000,2,250.0,314,0,1,30,394
1000000,3,250.0,314,0,1,30,394
1000000,4,250.0,314,0,1,30,394
1005000,0,250.0,314,0,1,30,394
1005000,1,250.0,314,0,1,30,394
1005000,2,250.0,314,0,1,30,394
1005000,3,250.0,314,0,1,30,394
1005000,4,250.0,314,0,1,30,394
1010000,0,250.0,314,0,1,30,394
1010000,1,250.0,314,0,1,30,394
1010000,2,250.0,314,0,1,30,394
1010000,3,250.0,314,0,1,30,394
1010000,4,250.0,314,0,1,30,394
1015000,0,250.0,314,0,1,30,394
1015000,1,250.0,314,0,1,30,394
1015000,2,250.0,314,0,1,30,394
1015000,3,250.0,314,0,1,30,394
1015000,4,250.0,314,0,1,30,394
1020000,0,250.0,314,0,1,30,394
1020000,1,250.0,314,0,1,30,394
1020000,2,250.0,314,0,1,30,394
1020000,3,250.0,314,0,1,30,394
1020000,4,250.0,314,0,1,30,394
1025000,0,250.0,314,0,1,30,394
1025000,1,250.0,314,0,1,30,394
1025000,2,250.0,314,0,1,30,394
1025000,3,250.0,314,0,1,30,394
1025000,4,250.0,314,0,1,30,394
1030000,0,250.0,314,0,1,30,394
1030000,1,250.0,314,0,1,30,394
1030000,2,250.0,314,0,1,30,394
1030000,3,250.0,314,0,1,30,394
1030000,4,250.0,314,0,1,30,394
1035000,0,248.0,311,0,1,28,395
1035000,1,248.0,311,0,1,28,395
1035000,2,248.0,311,0,1,28,395
1035000,3,248.0,311,0,1,28,395
1035000,4,248.0,311,0,1,28,395
1040000,0,250.0,314,0,1,30,394
1040000,1,250.0,314,0,1,30,394
1040000,2,250.0,314,0,1,30,394
1040000,3,250.0,314,0,1,30,394
1040000,4,250.0,314,0,1,30,394
1045000,0,251.0,314,0,1,28,395
1045000,1,251.0,314,0,1,28,395
1045000,2,251.0,314,0,1,28,395
1045000,3,251.0,314,0,1,28,395
1045000,4,251.0,314,0,1,28,395
1050000,0,252.0,315,0,1,27,395
1050000,1,252.0,315,0,1,27,395
1050000,2,252.0,315,0,1,27,395
1050000,3,252.0,315,0,1,27,395
1050000,4,252.0,315,0,1,27,395
1055000,0,252.0,315,0,1,27,395
1055000,1,252.0,315,0,1,27,395
1055000,2,252.0,315,0,1,27,395
1055000,3,252.0,315,0,1,27,395
1055000,4,252.0,315,0,1,27,395
1060000,0,231.0,296,0,1,40,392
1060000,1,231.0,296,0,1,40,392
1060000,2,231.0,296,0,1,40,392
1060000,3,231.0,296,0,1,40,392
1060000,4,231.0,296,0,1,40,392
1065000,0,234.0,298,0,1,39,393
1065000,1,234.0,298,0,1,39,393
1065000,2,234.0,298,0,1,39,393
1065000,3,234.0,298,0,1,39,393
1065000,4,234.0,298,0,1,39,393
1070000,0,231.0,296,0,1,40,392
1070000,1,231.0,296,0,1,40,392
1070000,2,231.0,296,0,1,40,392
1070000,3,231.0,296,0,1,40,392
1070000,4,231.0,296,0,1,40,392
1075000,0,233.0,299,0,1,40,392
1075000,1,233.0,299,0,1,40,392
1075000,2,233.0,299,0,1,40,392
1075000,3,233.0,299,0,1,40,392
1075000,4,233.0,299,0,1,40,392
1080000,0,-407.0,48,0,1,2005,0
1080000,1,-407.0,48,0,1,2005,0
1080000,2,-407.0,48,0,1,2005,0
1080000,3,-407.0,48,0,1,2005,0
1080000,4,-407.0,48,0,1,2005,0
1085000,0,240.0,304,0,1,35,394
1085000,1,240.0,304,0,1,35,394
1085000,2,240.0,304,0,1,35,394
1085000,3,240.0,304,0,1,35,394
1085000,4,240.0,304,0,1,35,394
1090000,0,250.0,314,0,1,30,394
1090000,1,250.0,314,0,1,30,394
1090000,2,250.0,314,0,1,30,394
1090000,3,250.0,314,0,1,30,394
1090000,4,250.0,314,0,1,30,394
1095000,0,250.0,314,0,1,30,394
1095000,1,250.0,314,0,1,30,394
1095000,2,250.0,314,0,1,30,394
1095000,3,250.0,314,0,1,30,394
1095000,4,250.0,314,0,1,30,394
1100000,0,250.0,314,0,1,30,394
1100000,1,250.0,314,0,1,30,394
1100000,2,250.0,314,0,1,30,394
1100000,3,250.0,314,0,1,30,394
1100000,4,250.0,314,0,1,30,394
1105000,0,250.0,314,0,1,30,394
1105000,1,250.0,314,0,1,30,394
1105000,2,250.0,314,0,1,30,394
1105000,3,250.0,314,0,1,30,394
1105000,4,250.0,314,0,1,30,394
1110000,0,-21.0,434,0,1,2005,0
1110000,1,-21.0,434,0,1,2005,0
1110000,2,-21.0,434,0,1,2005,0
1110000,3,-21.0,434,0,1,2005,0
1110000,4,-21.0,434,0,1,2005,0
1115000,0,252.0,315,0,1,27,395
1115000,1,252.0,315,0,1,27,395
1115000,2,252.0,315,0,1,27,395
1115000,3,252.0,315,0,1,27,395
1115000,4,252.0,315,0,1,27,395
1120000,0,252.0,315,0,1,27,395
1120000,1,252.0,315,0,1,27,395
1120000,2,252.0,315,0,1,27,395
1120000,3,252.0,315,0,1,27,395
1120000,4,252.0,315,0,1,27,395
1125000,0,248.0,311,0,1,29,395
1125000,1,248.0,311,0,1,29,395
1125000,2,248.0,311,0,1,29,395
1125000,3,248.0,311,0,1,29,395
1125000,4,248.0,311,0,1,29,395
1130000,0,-415.0,40,0,1,2005,0
1130000,1,-415.0,40,0,1,2005,0
1130000,2,-415.0,40,0,1,2005,0
1130000,3,-415.0,40,0,1,2005,0
1130000,4,-415.0,40,0,1,2005,0
1135000,0,-415.0,40,0,1,2005,0
1135000,1,-415.0,40,0,1,2005,0
1135000,2,-415.0,40,0,1,2005,0
1135000,3,-415.0,40,0,1,2005,0
1135000,4,-415.0,40,0,1,2005,0
1140000,0,-415.0,40,0,1,2005,0
1140000,1,-415.0,40,0,1,2005,0
1140000,2,-415.0,40,0,1,2005,0
1140000,3,-415.0,40,0,1,2005,0
1140000,4,-415.0,40,0,1,2005,0
1145000,0,-415.0,40,0,1,2005,0
1145000,1,-415.0,40,0,1,2005,0
1145000,2,-415.0,40,0,1,2005,0
1145000,3,-415.0,40,0,1,2005,0
1145000,4,-415.0,40,0,1,2005,0
1150000,0,180.0,248,0,1,61,388
1150000,1,180.0,248,0,1,61,388
1150000,2,180.0,248,0,1,61,388
1150000,3,180.0,248,0,1,61,388
1150000,4,180.0,248,0,1,61,388
1155000,0,-415.0,40,0,1,2005,0
1155000,1,-415.0,40,0,1,2005,0
1155000,2,-415.0,40,0,1,2005,0
1155000,3,-415.0,40,0,1,2005,0
1155000,4,-415.0,40,0,1,2005,0
1160000,0,231.0,296,0,1,41,392
1160000,1,231.0,296,0,1,41,392
1160000,2,231.0,296,0,1,41,392
1160000,3,231.0,296,0,1,41,392
1160000,4,231.0,296,0,1,41,392
1165000,0,145.0,216,0,1,81,384
1165000,1,145.0,216,0,1,81,384
1165000,2,145.0,216,0,1,81,384
1165000,3,145.0,216,0,1,81,384
1165000,4,145.0,216,0,1,81,384
1170000,0,231.0,296,0,1,40,392
1170000,1,231.0,296,0,1,40,392
1170000,2,231.0,296,0,1,40,392
1170000,3,231.0,296,0,1,40,392
1170000,4,231.0,296,0,1,40,392
1175000,0,239.0,303,0,1,38,393
1175000,1,239.0,303,0,1,38,393
1175000,2,239.0,303,0,1,38,393
1175000,3,239.0,303,0,1,38,393
1175000,4,239.0,303,0,1,38,393
1180000,0,244.0,307,0,1,36,393
1180000,1,244.0,307,0,1,36,393
1180000,2,244.0,307,0,1,36,393
1180000,3,244.0,307,0,1,36,393
1180000,4,244.0,307,0,1,36,393
1185000,0,-21.0,434,0,1,2005,0
1185000,1,-21.0,434,0,1,2005,0
1185000,2,-21.0,434,0,1,2005,0
1185000,3,-21.0,434,0,1,2005,0
1185000,4,-21.0,434,0,1,2005,0
1190000,0,251.0,314,0,1,28,395
1190000,1,251.0,314,0,1,28,395
1190000,2,251.0,314,0,1,28,395
1190000,3,251.0,314,0,1,28,395
1190000,4,251.0,314,0,1,28,395
1195000,0,267.0,722,0,1,2005,0
1195000,1,267.0,722,0,1,2005,0
1195000,2,267.0,722,0,1,2005,0
1195000,3,267.0,722,0,1,2005,0
1195000,4,267.0,722,0,1,2005,0
1200000,0,248.0,311,0,1,29,395
1200000,1,248.0,311,0,1,29,395
1200000,2,248.0,311,0,1,29,395
1200000,3,248.0,311,0,1,29,395
1200000,4,248.0,311,0,1,29,395
1205000,0,210.0,273,0,1,43,392
1205000,1,210.0,273,0,1,43,392
1205000,2,210.0,273,0,1,43,392
1205000,3,210.0,273,0,1,43,392
1205000,4,210.0,273,0,1,43,392
1210000,0,-415.0,40,0,1,2005,0
1210000,1,-415.0,40,0,1,2005,0
1210000,2,-415.0,40,0,1,2005,0
1210000,3,-415.0,40,0,1,2005,0
1210000,4,-415.0,40,0,1,2005,0
1215000,0,-415.0,40,0,1,2005,0
1215000,1,-415.0,40,0,1,2005,0
1215000,2,-415.0,40,0,1,2005,0
1215000,3,-415.0,40,0,1,2005,0
1215000,4,-415.0,40,0,1,2005,0
1220000,0,-415.0,40,0,1,2005,0
1220000,1,-415.0,40,0,1,2005,0
1220000,2,-415.0,40,0,1,2005,0
1220000,3,-415.0,40,0,1,2005,0
1220000,4,-415.0,40,0,1,2005,0
1225000,0,-415.0,40,0,1,2005,0
1225000,1,-415.0,40,0,1,2005,0
1225000,2,-415.0,40,0,1,2005,0
1225000,3,-415.0,40,0,1,2005,0
1225000,4,-415.0,40,0,1,2005,0
1230000,0,-415.0,40,0,1,2005,0
1230000,1,-415.0,40,0,1,2005,0
1230000,2,-415.0,40,0,1,2005,0
1230000,3,-415.0,40,0,1,2005,0
1230000,4,-415.0,40,0,1,2005,0
1235000,0,152.0,222,0,1,77,385
1235000,1,152.0,222,0,1,77,385
1235000,2,152.0,222,0,1,77,385
1235000,3,152.0,222,0,1,77,385
1235000,4,152.0,222,0,1,77,385
1240000,0,-415.0,40,0,1,2005,0
1240000,1,-415.0,40,0,1,2005,0
1240000,2,-415.0,40,0,1,2005,0
1240000,3,-415.0,40,0,1,2005,0
1240000,4,-415.0,40,0,1,2005,0
1245000,0,223.0,285,0,1,39,393
1245000,1,223.0,285,0,1,39,393
1245000,2,223.0,285,0,1,39,393
1245000,3,223.0,285,0,1,39,393
1245000,4,223.0,285,0,1,39,393
1250000,0,177.0,242,0,1,54,390
1250000,1,177.0,242,0,1,54,390
1250000,2,177.0,242,0,1,54,390
1250000,3,177.0,242,0,1,54,390
1250000,4,177.0,242,0,1,54,390
1255000,0,252.0,315,0,1,27,395
1255000,1,252.0,315,0,1,27,395
1255000,2,252.0,315,0,1,27,395
1255000,3,252.0,315,0,1,27,395
1255000,4,252.0,315,0,1,27,395
1260000,0,252.0,315,0,1,27,395
1260000,1,252.0,315,0,1,27,395
1260000,2,252.0,315,0,1,27,395
1260000,3,252.0,315,0,1,27,395
1260000,4,252.0,315,0,1,27,395
1265000,0,-415.0,40,0,1,2005,0
1265000,1,-415.0,40,0,1,2005,0
1265000,2,-415.0,40,0,1,2005,0
1265000,3,-415.0,40,0,1,2005,0
1265000,4,-415.0,40,0,1,2005,0
1270000,0,-368.0,87,0,1,2005,0
1270000,1,-368.0,87,0,1,2005,0
1270000,2,-368.0,87,0,1,2005,0
1270000,3,-368.0,87,0,1,2005,0
1270000,4,-368.0,87,0,1,2005,0
1275000,0,232.0,296,0,1,39,393
1275000,1,232.0,296,0,1,39,393
1275000,2,232.0,296,0,1,39,393
1275000,3,232.0,296,0,1,39,393
1275000,4,232.0,296,0,1,39,393
1280000,0,252.0,316,0,1,31,394
1280000,1,252.0,316,0,1,31,394
1280000,2,252.0,316,0,1,31,394
1280000,3,252.0,316,0,1,31,394
1280000,4,252.0,316,0,1,31,394
1285000,0,231.0,295,0,1,40,393
1285000,1,231.0,295,0,1,40,393
1285000,2,231.0,295,0,1,40,393
1285000,3,231.0,295,0,1,40,393
1285000,4,231.0,295,0,1,40,393
1290000,0,231.0,296,0,1,40,392
1290000,1,231.0,296,0,1,40,392
1290000,2,231.0,296,0,1,40,392
1290000,3,231.0,296,0,1,40,392
1290000,4,231.0,296,0,1,40,392
1295000,0,230.0,294,0,1,40,392
1295000,1,230.0,294,0,1,40,392
1295000,2,230.0,294,0,1,40,392
1295000,3,230.0,294,0,1,40,392
1295000,4,230.0,294,0,1,40,392
1300000,0,625.0,705,0,1,117,377
1300000,1,625.0,705,0,1,117,377
1300000,2,625.0,705,0,1,117,377
1300000,3,625.0,705,0,1,117,377
1300000,4,625.0,705,0,1,117,377
1305000,0,250.0,314,0,1,30,394
1305000,1,250.0,314,0,1,30,394
1305000,2,250.0,314,0,1,30,394
1305000,3,250.0,314,0,1,30,394
1305000,4,250.0,314,0,1,30,394
1310000,0,-415.0,40,0,1,2005,0
1310000,1,-415.0,40,0,1,2005,0
1310000,2,-415.0,40,0,1,2005,0
1310000,3,-415.0,40,0,1,2005,0
1310000,4,-415.0,40,0,1,2005,0
1315000,0,-409.0,46,0,1,2005,0
1315000,1,-409.0,46,0,1,2005,0
1315000,2,-409.0,46,0,1,2005,0
1315000,3,-409.0,46,0,1,2005,0
1315000,4,-409.0,46,0,1,2005,0
1320000,0,248.0,311,0,1,28,395
1320000,1,248.0,311,0,1,28,395
1320000,2,248.0,311,0,1,28,395
1320000,3,248.0,311,0,1,28,395
1320000,4,248.0,311,0,1,28,395
1325000,0,-415.0,40,0,1,2005,0
1325000,1,-415.0,40,0,1,2005,0
1325000,2,-415.0,40,0,1,2005,0
1325000,3,-415.0,40,0,1,2005,0
1325000,4,-415.0,40,0,1,2005,0
1330000,0,247.0,310,0,1,29,395
1330000,1,247.0,310,0,1,29,395
1330000,2,247.0,310,0,1,29,395
1330000,3,247.0,310,0,1,29,395
1330000,4,247.0,310,0,1,29,395
1335000,0,252.0,315,0,1,27,395
1335000,1,252.0,315,0,1,27,395
1335000,2,252.0,315,0,1,27,395
1335000,3,252.0,315,0,1,27,395
1335000,4,252.0,315,0,1,27,395
1340000,0,252.0,315,0,1,27,395
1340000,1,252.0,315,0,1,27,395
1340000,2,252.0,315,0,1,27,395
1340000,3,252.0,315,0,1,27,395
1340000,4,252.0,315,0,1,27,395
1345000,0,252.0,315,0,1,27,395
1345000,1,252.0,315,0,1,27,395
1345000,2,252.0,315,0,1,27,395
1345000,3,252.0,315,0,1,27,395
1345000,4,252.0,315,0,1,27,395
1350000,0,252.0,315,0,1,27,395
1350000,1,252.0,315,0,1,27,395
1350000,2,252.0,315,0,1,27,395
1350000,3,252.0,315,0,1,27,395
1350000,4,252.0,315,0,1,27,395
1355000,0,248.0,312,0,1,31,394
1355000,1,248.0,312,0,1,31,394
1355000,2,248.0,312,0,1,31,394
1355000,3,248.0,312,0,1,31,394
1355000,4,248.0,312,0,1,31,394
1360000,0,231.0,296,0,1,41,392
1360000,1,231.0,296,0,1,41,392
1360000,2,231.0,296,0,1,41,392
1360000,3,231.0,296,0,1,41,392
1360000,4,231.0,296,0,1,41,392
1365000,0,-21.0,434,0,1,2005,0
1365000,1,-21.0,434,0,1,2005,0
1365000,2,-21.0,434,0,1,2005,0
1365000,3,-21.0,434,0,1,2005,0
1365000,4,-21.0,434,0,1,2005,0
1370000,0,250.0,314,0,1,30,394
1370000,1,250.0,314,0,1,30,394
1370000,2,250.0,314,0,1,30,394
1370000,3,250.0,314,0,1,30,394
1370000,4,250.0,314,0,1,30,394
1375000,0,250.0,314,0,1,30,394
1375000,1,250.0,314,0,1,30,394
1375000,2,250.0,314,0,1,30,394
1375000,3,250.0,314,0,1,30,394
1375000,4,250.0,314,0,1,30,394
1380000,0,252.0,315,0,1,27,395
1380000,1,252.0,315,0,1,27,395
1380000,2,252.0,315,0,1,27,395
1380000,3,252.0,315,0,1,27,395
1380000,4,252.0,315,0,1,27,395
1385000,0,252.0,315,0,1,27,395
1385000,1,252.0,315,0,1,27,395
1385000,2,252.0,315,0,1,27,395
1385000,3,252.0,315,0,1,27,395
1385000,4,252.0,315,0,1,27,395
1390000,0,231.0,296,0,1,40,392
1390000,1,231.0,296,0,1,40,392
1390000,2,231.0,296,0,1,40,392
1390000,3,231.0,296,0,1,40,392
1390000,4,231.0,296,0,1,40,392
1395000,0,248.0,312,0,1,31,394
1395000,1,248.0,312,0,1,31,394
1395000,2,248.0,312,0,1,31,394
1395000,3,248.0,312,0,1,31,394
1395000,4,248.0,312,0,1,31,394
1400000,0,231.0,296,0,1,40,392
1400000,1,231.0,296,0,1,40,392
1400000,2,231.0,296,0,1,40,392
1400000,3,231.0,296,0,1,40,392
1400000,4,231.0,296,0,1,40,392
1405000,0,-415.0,40,0,1,2005,0
1405000,1,-415.0,40,0,1,2005,0
1405000,2,-415.0,40,0,1,2005,0
1405000,3,-415.0,40,0,1,2005,0
1405000,4,-415.0,40,0,1,2005,0
1410000,0,248.0,311,0,1,29,395
1410000,1,248.0,311,0,1,29,395
1410000,2,248.0,311,0,1,29,395
1410000,3,248.0,311,0,1,29,395
1410000,4,248.0,311,0,1,29,395
1415000,0,-21.0,435,0,1,2005,0
1415000,1,-21.0,435,0,1,2005,0
1415000,2,-21.0,435,0,1,2005,0
1415000,3,-21.0,435,0,1,2005,0
1415000,4,-21.0,435,0,1,2005,0
1420000,0,139.0,594,0,1,2005,0
1420000,1,139.0,594,0,1,2005,0
1420000,2,139.0,594,0,1,2005,0
1420000,3,139.0,594,0,1,2005,0
1420000,4,139.0,594,0,1,2005,0
1425000,0,-21.0,434,0,1,2005,0
1425000,1,-21.0,434,0,1,2005,0
1425000,2,-21.0,434,0,1,2005,0
1425000,3,-21.0,434,0,1,2005,0
1425000,4,-21.0,434,0,1,2005,0
1430000,0,-21.0,434,0,1,2005,0
1430000,1,-21.0,434,0,1,2005,0
1430000,2,-21.0,434,0,1,2005,0
1430000,3,-21.0,434,0,1,2005,0
1430000,4,-21.0,434,0,1,2005,0
1435000,0,252.0,315,0,1,27,395
1435000,1,252.0,315,0,1,27,395
1435000,2,252.0,315,0,1,27,395
1435000,3,252.0,315,0,1,27,395
1435000,4,252.0,315,0,1,27,395
1440000,0,-455.0,50,0,1,2005,0
1440000,1,-455.0,50,0,1,2005,0
1440000,2,-455.0,50,0,1,2005,0
1440000,3,-455.0,50,0,1,2005,0
1440000,4,-455.0,50,0,1,2005,0
1445000,0,139.0,594,0,1,2005,0
1445000,1,139.0,594,0,1,2005,0
1445000,2,139.0,594,0,1,2005,0
1445000,3,139.0,594,0,1,2005,0
1445000,4,139.0,594,0,1,2005,0
1450000,0,231.0,296,0,1,40,392
1450000,1,231.0,296,0,1,40,392
1450000,2,231.0,296,0,1,40,392
1450000,3,231.0,296,0,1,40,392
1450000,4,231.0,296,0,1,40,392
1455000,0,250.0,314,0,1,30,394
1455000,1,250.0,314,0,1,30,394
1455000,2,250.0,314,0,1,30,394
1455000,3,250.0,314,0,1,30,394
1455000,4,250.0,314,0,1,30,394
1460000,0,250.0,314,0,1,30,394
1460000,1,250.0,314,0,1,30,394
1460000,2,250.0,314,0,1,30,394
1460000,3,250.0,314,0,1,30,394
1460000,4,250.0,314,0,1,30,394
1465000,0,253.0,316,0,1,29,395
1465000,1,253.0,316,0,1,29,395
1465000,2,253.0,316,0,1,29,395
1465000,3,253.0,316,0,1,29,395
1465000,4,253.0,316,0,1,29,395
1470000,0,252.0,315,0,1,27,395
1470000,1,252.0,315,0,1,27,395
1470000,2,252.0,315,0,1,27,395
1470000,3,252.0,315,0,1,27,395
1470000,4,252.0,315,0,1,27,395
1475000,0,139.0,594,0,1,2005,0
1475000,1,139.0,594,0,1,2005,0
1475000,2,139.0,594,0,1,2005,0
1475000,3,139.0,594,0,1,2005,0
1475000,4,139.0,594,0,1,2005,0
1480000,0,-390.0,65,0,1,2005,0
1480000,1,-390.0,65,0,1,2005,0
1480000,2,-390.0,65,0,1,2005,0
1480000,3,-390.0,65,0,1,2005,0
1480000,4,-390.0,65,0,1,2005,0
1485000,0,235.0,300,0,1,35,393
1485000,1,235.0,300,0,1,35,393
1485000,2,235.0,300,0,1,35,393
1485000,3,235.0,300,0,1,35,393
1485000,4,235.0,300,0,1,35,393
1490000,0,250.0,314,0,1,30,394
1490000,1,250.0,314,0,1,30,394
1490000,2,250.0,314,0,1,30,394
1490000,3,250.0,314,0,1,30,394
1490000,4,250.0,314,0,1,30,394
1495000,0,250.0,314,0,1,30,394
1495000,1,250.0,314,0,1,30,394
1495000,2,250.0,314,0,1,30,394
1495000,3,250.0,314,0,1,30,394
1495000,4,250.0,314,0,1,30,394
1500000,0,250.0,314,0,1,30,394
1500000,1,250.0,314,0,1,30,394
1500000,2,250.0,314,0,1,30,394
1500000,3,250.0,314,0,1,30,394
1500000,4,250.0,314,0,1,30,394
1505000,0,250.0,314,0,1,30,394
1505000,1,250.0,314,0,1,30,394
1505000,2,250.0,314,0,1,30,394
1505000,3,250.0,314,0,1,30,394
1505000,4,250.0,314,0,1,30,394
1510000,0,250.0,314,0,1,30,394
1510000,1,250.0,314,0,1,30,394
1510000,2,250.0,314,0,1,30,394
1510000,3,250.0,314,0,1,30,394
1510000,4,250.0,314,0,1,30,394
1515000,0,250.0,314,0,1,30,394
1515000,1,250.0,314,0,1,30,394
1515000,2,250.0,314,0,1,30,394
1515000,3,250.0,314,0,1,30,394
1515000,4,250.0,314,0,1,30,394
1520000,0,250.0,314,0,1,30,394
1520000,1,250.0,314,0,1,30,394
1520000,2,250.0,314,0,1,30,394
1520000,3,250.0,314,0,1,30,394
1520000,4,250.0,314,0,1,30,394
1525000,0,231.0,296,0,1,40,392
1525000,1,231.0,296,0,1,40,392
1525000,2,231.0,296,0,1,40,392
1525000,3,231.0,296,0,1,40,392
1525000,4,231.0,296,0,1,40,392
1530000,0,252.0,315,0,1,27,395
1530000,1,252.0,315,0,1,27,395
1530000,2,252.0,315,0,1,27,395
1530000,3,252.0,315,0,1,27,395
1530000,4,252.0,315,0,1,27,395
1535000,0,248.0,311,0,1,28,395
1535000,1,248.0,311,0,1,28,395
1535000,2,248.0,311,0,1,28,395
1535000,3,248.0,311,0,1,28,395
1535000,4,248.0,311,0,1,28,395
1540000,0,248.0,311,0,1,28,395
1540000,1,248.0,311,0,1,28,395
1540000,2,248.0,311,0,1,28,395
1540000,3,248.0,311,0,1,28,395
1540000,4,248.0,311,0,1,28,395
1545000,0,252.0,315,0,1,27,395
1545000,1,252.0,315,0,1,27,395
1545000,2,252.0,315,0,1,27,395
1545000,3,252.0,315,0,1,27,395
1545000,4,252.0,315,0,1,27,395
1550000,0,252.0,315,0,1,27,395
1550000,1,252.0,315,0,1,27,395
1550000,2,252.0,315,0,1,27,395
1550000,3,252.0,315,0,1,27,395
1550000,4,252.0,315,0,1,27,395
1555000,0,252.0,315,0,1,27,395
1555000,1,252.0,315,0,1,27,395
1555000,2,252.0,315,0,1,27,395
1555000,3,252.0,315,0,1,27,395
1555000,4,252.0,315,0,1,27,395
1560000,0,250.0,314,0,1,30,394
1560000,1,250.0,314,0,1,30,394
1560000,2,250.0,314,0,1,30,394
1560000,3,250.0,314,0,1,30,394
1560000,4,250.0,314,0,1,30,394
1565000,0,250.0,314,0,1,30,394
1565000,1,250.0,314,0,1,30,394
1565000,2,250.0,314,0,1,30,394
1565000,3,250.0,314,0,1,30,394
1565000,4,250.0,314,0,1,30,394
1570000,0,231.0,296,0,1,40,392
1570000,1,231.0,296,0,1,40,392
1570000,2,231.0,296,0,1,40,392
1570000,3,231.0,296,0,1,40,392
1570000,4,231.0,296,0,1,40,392
1575000,0,-21.0,434,0,1,2005,0
1575000,1,-21.0,434,0,1,2005,0
1575000,2,-21.0,434,0,1,2005,0
1575000,3,-21.0,434,0,1,2005,0
1575000,4,-21.0,434,0,1,2005,0
1580000,0,-21.0,434,0,1,2005,0
1580000,1,-21.0,434,0,1,2005,0
1580000,2,-21.0,434,0,1,2005,0
1580000,3,-21.0,434,0,1,2005,0
1580000,4,-21.0,434,0,1,2005,0
1585000,0,231.0,296,0,1,40,392
1585000,1,231.0,296,0,1,40,392
1585000,2,231.0,296,0,1,40,392
1585000,3,231.0,296,0,1,40,392
1585000,4,231.0,296,0,1,40,392
1590000,0,231.0,296,0,1,40,392
1590000,1,231.0,296,0,1,40,392
1590000,2,231.0,296,0,1,40,392
1590000,3,231.0,296,0,1,40,392
1590000,4,231.0,296,0,1,40,392
1595000,0,231.0,296,0,1,40,392
1595000,1,231.0,296,0,1,40,392
1595000,2,231.0,296,0,1,40,392
1595000,3,231.0,296,0,1,40,392
1595000,4,231.0,296,0,1,40,392
1600000,0,231.0,296,0,1,40,392
1600000,1,231.0,296,0,1,40,392
1600000,2,231.0,296,0,1,40,392
1600000,3,231.0,296,0,1,40,392
1600000,4,231.0,296,0,1,40,392
1605000,0,250.0,314,0,1,30,394
1605000,1,250.0,314,0,1,30,394
1605000,2,250.0,314,0,1,30,394
1605000,3,250.0,314,0,1,30,394
1605000,4,250.0,314,0,1,30,394
1610000,0,247.0,310,0,1,31,394
1610000,1,247.0,310,0,1,31,394
1610000,2,247.0,310,0,1,31,394
1610000,3,247.0,310,0,1,31,394
1610000,4,247.0,310,0,1,31,394
1615000,0,-21.0,434,0,1,2005,0
1615000,1,-21.0,434,0,1,2005,0
1615000,2,-21.0,434,0,1,2005,0
1615000,3,-21.0,434,0,1,2005,0
1615000,4,-21.0,434,0,1,2005,0
1620000,0,231.0,296,0,1,40,392
1620000,1,231.0,296,0,1,40,392
1620000,2,231.0,296,0,1,40,392
1620000,3,231.0,296,0,1,40,392
1620000,4,231.0,296,0,1,40,392
1625000,0,231.0,296,0,1,40,392
1625000,1,231.0,296,0,1,40,392
1625000,2,231.0,296,0,1,40,392
1625000,3,231.0,296,0,1,40,392
1625000,4,231.0,296,0,1,40,392
1630000,0,231.0,296,0,1,40,392
1630000,1,231.0,296,0,1,40,392
1630000,2,231.0,296,0,1,40,392
1630000,3,231.0,296,0,1,40,392
1630000,4,231.0,296,0,1,40,392
1635000,0,240.0,304,0,1,36,393
1635000,1,240.0,304,0,1,36,393
1635000,2,240.0,304,0,1,36,393
1635000,3,240.0,304,0,1,36,393
1635000,4,240.0,304,0,1,36,393
1640000,0,251.0,315,0,1,31,394
1640000,1,251.0,315,0,1,31,394
1640000,2,251.0,315,0,1,31,394
1640000,3,251.0,315,0,1,31,394
1640000,4,251.0,315,0,1,31,394
1645000,0,223.0,288,0,1,43,392
1645000,1,223.0,288,0,1,43,392
1645000,2,223.0,288,0,1,43,392
1645000,3,223.0,288,0,1,43,392
1645000,4,223.0,288,0,1,43,392
1650000,0,238.0,301,0,1,38,393
1650000,1,238.0,301,0,1,38,393
1650000,2,238.0,301,0,1,38,393
1650000,3,238.0,301,0,1,38,393
1650000,4,238.0,301,0,1,38,393
1655000,0,245.0,309,0,1,36,393
1655000,1,245.0,309,0,1,36,393
1655000,2,245.0,309,0,1,36,393
1655000,3,245.0,309,0,1,36,393
1655000,4,245.0,309,0,1,36,393
1660000,0,231.0,296,0,1,40,392
1660000,1,231.0,296,0,1,40,392
1660000,2,231.0,296,0,1,40,392
1660000,3,231.0,296,0,1,40,392
1660000,4,231.0,296,0,1,40,392
1665000,0,234.0,296,0,1,34,394
1665000,1,234.0,296,0,1,34,394
1665000,2,234.0,296,0,1,34,394
1665000,3,234.0,296,0,1,34,394
1665000,4,234.0,296,0,1,34,394
1670000,0,-21.0,434,0,1,2005,0
1670000,1,-21.0,434,0,1,2005,0
1670000,2,-21.0,434,0,1,2005,0
1670000,3,-21.0,434,0,1,2005,0
1670000,4,-21.0,434,0,1,2005,0
1675000,0,248.0,311,0,1,29,395
1675000,1,248.0,311,0,1,29,395
1675000,2,248.0,311,0,1,29,395
1675000,3,248.0,311,0,1,29,395
1675000,4,248.0,311,0,1,29,395
1680000,0,239.0,303,0,1,32,394
1680000,1,239.0,303,0,1,32,394
1680000,2,239.0,303,0,1,32,394
1680000,3,239.0,303,0,1,32,394
1680000,4,239.0,303,0,1,32,394
1685000,0,248.0,311,0,1,28,395
1685000,1,248.0,311,0,1,28,395
1685000,2,248.0,311,0,1,28,395
1685000,3,248.0,311,0,1,28,395
1685000,4,248.0,311,0,1,28,395
1690000,0,252.0,315,0,1,27,395
1690000,1,252.0,315,0,1,27,395
1690000,2,252.0,315,0,1,27,395
1690000,3,252.0,315,0,1,27,395
1690000,4,252.0,315,0,1,27,395
1695000,0,-380.0,75,0,1,2005,0
1695000,1,-380.0,75,0,1,2005,0
1695000,2,-380.0,75,0,1,2005,0
1695000,3,-380.0,75,0,1,2005,0
1695000,4,-380.0,75,0,1,2005,0
1700000,0,-402.0,53,0,1,2005,0
1700000,1,-402.0,53,0,1,2005,0
1700000,2,-402.0,53,0,1,2005,0
1700000,3,-402.0,53,0,1,2005,0
1700000,4,-402.0,53,0,1,2005,0
1705000,0,252.0,315,0,1,27,395
1705000,1,252.0,315,0,1,27,395
1705000,2,252.0,315,0,1,27,395
1705000,3,252.0,315,0,1,27,395
1705000,4,252.0,315,0,1,27,395
1710000,0,252.0,315,0,1,27,395
1710000,1,252.0,315,0,1,27,395
1710000,2,252.0,315,0,1,27,395
1710000,3,252.0,315,0,1,27,395
1710000,4,252.0,315,0,1,27,395
1715000,0,252.0,315,0,1,27,395
1715000,1,252.0,315,0,1,27,395
1715000,2,252.0,315,0,1,27,395
1715000,3,252.0,315,0,1,27,395
1715000,4,252.0,315,0,1,27,395
1720000,0,248.0,311,0,1,29,395
1720000,1,248.0,311,0,1,29,395
1720000,2,248.0,311,0,1,29,395
1720000,3,248.0,311,0,1,29,395
1720000,4,248.0,311,0,1,29,395
1725000,0,244.0,306,0,1,33,394
1725000,1,244.0,306,0,1,33,394
1725000,2,244.0,306,0,1,33,394
1725000,3,244.0,306,0,1,33,394
1725000,4,244.0,306,0,1,33,394
1730000,0,231.0,296,0,1,40,392
1730000,1,231.0,296,0,1,40,392
1730000,2,231.0,296,0,1,40,392
1730000,3,231.0,296,0,1,40,392
1730000,4,231.0,296,0,1,40,392
1735000,0,231.0,296,0,1,40,392
1735000,1,231.0,296,0,1,40,392
1735000,2,231.0,296,0,1,40,392
1735000,3,231.0,296,0,1,40,392
1735000,4,231.0,296,0,1,40,392
1740000,0,231.0,296,0,1,40,392
1740000,1,231.0,296,0,1,40,392
1740000,2,231.0,296,0,1,40,392
1740000,3,231.0,296,0,1,40,392
1740000,4,231.0,296,0,1,40,392
1745000,0,231.0,296,0,1,40,392
1745000,1,231.0,296,0,1,40,392
1745000,2,231.0,296,0,1,40,392
1745000,3,231.0,296,0,1,40,392
1745000,4,231.0,296,0,1,40,392
1750000,0,231.0,296,0,1,40,392
1750000,1,231.0,296,0,1,40,392
1750000,2,231.0,296,0,1,40,392
1750000,3,231.0,296,0,1,40,392
1750000,4,231.0,296,0,1,40,392
1755000,0,231.0,296,0,1,40,392
1755000,1,231.0,296,0,1,40,392
1755000,2,231.0,296,0,1,40,392
1755000,3,231.0,296,0,1,40,392
1755000,4,231.0,296,0,1,40,392
1760000,0,251.0,314,0,1,28,395
1760000,1,251.0,314,0,1,28,395
1760000,2,251.0,314,0,1,28,395
1760000,3,251.0,314,0,1,28,395
1760000,4,251.0,314,0,1,28,395
1765000,0,-21.0,434,0,1,2005,0
1765000,1,-21.0,434,0,1,2005,0
1765000,2,-21.0,434,0,1,2005,0
1765000,3,-21.0,434,0,1,2005,0
1765000,4,-21.0,434,0,1,2005,0
1770000,0,231.0,296,0,1,41,392
1770000,1,231.0,296,0,1,41,392
1770000,2,231.0,296,0,1,41,392
1770000,3,231.0,296,0,1,41,392
1770000,4,231.0,296,0,1,41,392
1775000,0,231.0,296,0,1,40,392
1775000,1,231.0,296,0,1,40,392
1775000,2,231.0,296,0,1,40,392
1775000,3,231.0,296,0,1,40,392
1775000,4,231.0,296,0,1,40,392
1780000,0,231.0,296,0,1,40,392
1780000,1,231.0,296,0,1,40,392
1780000,2,231.0,296,0,1,40,392
1780000,3,231.0,296,0,1,40,392
1780000,4,231.0,296,0,1,40,392
1785000,0,231.0,296,0,1,40,392
1785000,1,231.0,296,0,1,40,392
1785000,2,231.0,296,0,1,40,392
1785000,3,231.0,296,0,1,40,392
1785000,4,231.0,296,0,1,40,392
1790000,0,231.0,296,0,1,40,392
1790000,1,231.0,296,0,1,40,392
1790000,2,231.0,296,0,1,40,392
1790000,3,231.0,296,0,1,40,392
1790000,4,231.0,296,0,1,40,392
1795000,0,-21.0,434,0,1,2005,0
1795000,1,-21.0,434,0,1,2005,0
1795000,2,-21.0,434,0,1,2005,0
1795000,3,-21.0,434,0,1,2005,0
1795000,4,-21.0,434,0,1,2005,0
1800000,0,-21.0,435,0,1,2005,0
1800000,1,-21.0,435,0,1,2005,0
1800000,2,-21.0,435,0,1,2005,0
1800000,3,-21.0,435,0,1,2005,0
1800000,4,-21.0,435,0,1,2005,0
1805000,0,231.0,296,0,1,40,392
1805000,1,231.0,296,0,1,40,392
1805000,2,231.0,296,0,1,40,392
1805000,3,231.0,296,0,1,40,392
1805000,4,231.0,296,0,1,40,392
1810000,0,231.0,296,0,1,40,392
1810000,1,231.0,296,0,1,40,392
1810000,2,231.0,296,0,1,40,392
1810000,3,231.0,296,0,1,40,392
1810000,4,231.0,296,0,1,40,392
1815000,0,231.0,296,0,1,40,392
1815000,1,231.0,296,0,1,40,392
1815000,2,231.0,296,0,1,40,392
1815000,3,231.0,296,0,1,40,392
1815000,4,231.0,296,0,1,40,392
1820000,0,-400.0,55,0,1,2005,0
1820000,1,-400.0,55,0,1,2005,0
1820000,2,-400.0,55,0,1,2005,0
1820000,3,-400.0,55,0,1,2005,0
1820000,4,-400.0,55,0,1,2005,0
1825000,0,-400.0,55,0,1,2005,0
1825000,1,-400.0,55,0,1,2005,0
1825000,2,-400.0,55,0,1,2005,0
1825000,3,-400.0,55,0,1,2005,0
1825000,4,-400.0,55,0,1,2005,0
1830000,0,-415.0,40,0,1,2005,0
1830000,1,-415.0,40,0,1,2005,0
1830000,2,-415.0,40,0,1,2005,0
1830000,3,-415.0,40,0,1,2005,0
1830000,4,-415.0,40,0,1,2005,0
1835000,0,231.0,296,0,1,40,392
1835000,1,231.0,296,0,1,40,392
1835000,2,231.0,296,0,1,40,392
1835000,3,231.0,296,0,1,40,392
1835000,4,231.0,296,0,1,40,392
1840000,0,231.0,296,0,1,40,392
1840000,1,231.0,296,0,1,40,392
1840000,2,231.0,296,0,1,40,392
1840000,3,231.0,296,0,1,40,392
1840000,4,231.0,296,0,1,40,392
1845000,0,228.0,294,0,1,48,391
1845000,1,228.0,294,0,1,48,391
1845000,2,228.0,294,0,1,48,391
1845000,3,228.0,294,0,1,48,391
1845000,4,228.0,294,0,1,48,391
1850000,0,231.0,296,0,1,40,392
1850000,1,231.0,296,0,1,40,392
1850000,2,231.0,296,0,1,40,392
1850000,3,231.0,296,0,1,40,392
1850000,4,231.0,296,0,1,40,392
1855000,0,-409.0,46,0,1,2005,0
1855000,1,-409.0,46,0,1,2005,0
1855000,2,-409.0,46,0,1,2005,0
1855000,3,-409.0,46,0,1,2005,0
1855000,4,-409.0,46,0,1,2005,0
1860000,0,231.0,296,0,1,40,392
1860000,1,231.0,296,0,1,40,392
1860000,2,231.0,296,0,1,40,392
1860000,3,231.0,296,0,1,40,392
1860000,4,231.0,296,0,1,40,392
1865000,0,241.0,304,0,1,33,394
1865000,1,241.0,304,0,1,33,394
1865000,2,241.0,304,0,1,33,394
1865000,3,241.0,304,0,1,33,394
1865000,4,241.0,304,0,1,33,394
1870000,0,231.0,295,0,1,39,393
1870000,1,231.0,295,0,1,39,393
1870000,2,231.0,295,0,1,39,393
1870000,3,231.0,295,0,1,39,393
1870000,4,231.0,295,0,1,39,393
1875000,0,231.0,296,0,1,40,392
1875000,1,231.0,296,0,1,40,392
1875000,2,231.0,296,0,1,40,392
1875000,3,231.0,296,0,1,40,392
1875000,4,231.0,296,0,1,40,392
1880000,0,-21.0,434,0,1,2005,0
1880000,1,-21.0,434,0,1,2005,0
1880000,2,-21.0,434,0,1,2005,0
1880000,3,-21.0,434,0,1,2005,0
1880000,4,-21.0,434,0,1,2005,0
1885000,0,-398.0,57,0,1,2005,0
1885000,1,-398.0,57,0,1,2005,0
1885000,2,-398.0,57,0,1,2005,0
1885000,3,-398.0,57,0,1,2005,0
1885000,4,-398.0,57,0,1,2005,0
1890000,0,121.0,193,0,1,88,383
1890000,1,121.0,193,0,1,88,383
1890000,2,121.0,193,0,1,88,383
1890000,3,121.0,193,0,1,88,383
1890000,4,121.0,193,0,1,88,383
1895000,0,240.0,301,0,1,30,394
1895000,1,240.0,301,0,1,30,394
1895000,2,240.0,301,0,1,30,394
1895000,3,240.0,301,0,1,30,394
1895000,4,240.0,301,0,1,30,394
1900000,0,-415.0,40,0,1,2005,0
1900000,1,-415.0,40,0,1,2005,0
1900000,2,-415.0,40,0,1,2005,0
1900000,3,-415.0,40,0,1,2005,0
1900000,4,-415.0,40,0,1,2005,0
1905000,0,-394.0,61,0,1,2005,0
1905000,1,-394.0,61,0,1,2005,0
1905000,2,-394.0,61,0,1,2005,0
1905000,3,-394.0,61,0,1,2005,0
1905000,4,-394.0,61,0,1,2005,0
1910000,0,176.0,242,0,1,58,389
1910000,1,176.0,242,0,1,58,389
1910000,2,176.0,242,0,1,58,389
1910000,3,176.0,242,0,1,58,389
1910000,4,176.0,242,0,1,58,389
1915000,0,252.0,315,0,1,27,395
1915000,1,252.0,315,0,1,27,395
1915000,2,252.0,315,0,1,27,395
1915000,3,252.0,315,0,1,27,395
1915000,4,252.0,315,0,1,27,395
1920000,0,252.0,315,0,1,27,395
1920000,1,252.0,315,0,1,27,395
1920000,2,252.0,315,0,1,27,395
1920000,3,252.0,315,0,1,27,395
1920000,4,252.0,315,0,1,27,395
1925000,0,252.0,315,0,1,27,395
1925000,1,252.0,315,0,1,27,395
1925000,2,252.0,315,0,1,27,395
1925000,3,252.0,315,0,1,27,395
1925000,4,252.0,315,0,1,27,395
1930000,0,231.0,296,0,1,39,393
1930000,1,231.0,296,0,1,39,393
1930000,2,231.0,296,0,1,39,393
1930000,3,231.0,296,0,1,39,393
1930000,4,231.0,296,0,1,39,393
1935000,0,234.0,298,0,1,37,393
1935000,1,234.0,298,0,1,37,393
1935000,2,234.0,298,0,1,37,393
1935000,3,234.0,298,0,1,37,393
1935000,4,234.0,298,0,1,37,393
1940000,0,-21.0,435,0,1,2005,0
1940000,1,-21.0,435,0,1,2005,0
1940000,2,-21.0,435,0,1,2005,0
1940000,3,-21.0,435,0,1,2005,0
1940000,4,-21.0,435,0,1,2005,0
1945000,0,-21.0,434,0,1,2005,0
1945000,1,-21.0,434,0,1,2005,0
1945000,2,-21.0,434,0,1,2005,0
1945000,3,-21.0,434,0,1,2005,0
1945000,4,-21.0,434,0,1,2005,0
1950000,0,137.0,207,0,1,77,385
1950000,1,137.0,207,0,1,77,385
1950000,2,137.0,207,0,1,77,385
1950000,3,137.0,207,0,1,77,385
1950000,4,137.0,207,0,1,77,385
1955000,0,231.0,296,0,1,40,392
1955000,1,231.0,296,0,1,40,392
1955000,2,231.0,296,0,1,40,392
1955000,3,231.0,296,0,1,40,392
1955000,4,231.0,296,0,1,40,392
1960000,0,619.0,689,0,1,79,385
1960000,1,619.0,689,0,1,79,385
1960000,2,619.0,689,0,1,79,385
1960000,3,619.0,689,0,1,79,385
1960000,4,619.0,689,0,1,79,385
1965000,0,175.0,630,0,1,2005,0
1965000,1,175.0,630,0,1,2005,0
1965000,2,175.0,630,0,1,2005,0
1965000,3,175.0,630,0,1,2005,0
1965000,4,175.0,630,0,1,2005,0
1970000,0,-49.0,406,0,1,2005,0
1970000,1,-49.0,406,0,1,2005,0
1970000,2,-49.0,406,0,1,2005,0
1970000,3,-49.0,406,0,1,2005,0
1970000,4,-49.0,406,0,1,2005,0
1975000,0,606.0,692,0,1,155,369
1975000,1,606.0,692,0,1,155,369
1975000,2,606.0,692,0,1,155,369
1975000,3,606.0,692,0,1,155,369
1975000,4,606.0,692,0,1,155,369
1980000,0,139.0,596,0,1,2005,0
1980000,1,139.0,596,0,1,2005,0
1980000,2,139.0,596,0,1,2005,0
1980000,3,139.0,596,0,1,2005,0
1980000,4,139.0,596,0,1,2005,0
1985000,0,249.0,311,0,1,28,395
1985000,1,249.0,311,0,1,28,395
1985000,2,249.0,311,0,1,28,395
1985000,3,249.0,311,0,1,28,395
1985000,4,249.0,311,0,1,28,395
1990000,0,250.0,314,0,1,31,394
1990000,1,250.0,314,0,1,31,394
1990000,2,250.0,314,0,1,31,394
1990000,3,250.0,314,0,1,31,394
1990000,4,250.0,314,0,1,31,394
1995000,0,-394.0,61,0,1,2005,0
1995000,1,-394.0,61,0,1,2005,0
1995000,2,-394.0,61,0,1,2005,0
1995000,3,-394.0,61,0,1,2005,0
1995000,4,-394.0,61,0,1,2005,0
2000000,0,252.0,315,0,1,27,395
2000000,1,252.0,315,0,1,27,395
2000000,2,252.0,315,0,1,27,395
2000000,3,252.0,315,0,1,27,395
2000000,4,252.0,315,0,1,27,395
